user_id,part_one_time,part_two_time,overall_time,part_one_artwork_time_m,part_one_artwork_time_std,part_two_artwork_time_m,part_two_artwork_time_std,num_artworks_part_one,num_artworks_part_two,total_events,num_revisits_part_one,num_revisits_part_two,num_visited_before_first_choice_part_one,time_before_first_choice_part_one,num_visited_before_first_choice_part_two,time_before_first_selection_part_two,show_more_part_one,artwork_selected_part_one,artwork_deselected_part_one,show_more_part_two,artwork_selected_part_two,artwork_deselected_part_two
6737f57f-8646-4c03-9546-8da5a719d226,1.9,1.75,3.65,1.4,0.49,1.682,1.742,32,27,59,0,1,1,0.0,0,0.0,0,32,0,0,27,0
86b266c0-920c-4e83-802d-0083a06f3f1d,1.233,0.667,1.9,1.938,0.428,2.375,0.484,20,10,30,0,0,1,0.017,1,0.017,0,20,0,0,10,0
62b14681-8d4a-44b5-a201-942bba9b4bd8,13.083,8.683,21.767,16.812,29.92,6.289,4.084,31,41,76,1,0,1,0.767,4,0.6,24,25,0,12,15,0
09cf0e31-cf99-47f3-906f-8da336f23f73,10.267,4.517,14.783,6.778,3.292,6.333,0.943,25,18,77,0,0,1,0.033,0,0.017,24,23,0,15,15,0
27405dfe-adee-47e8-b002-818e61c5c552,21.25,6.017,27.267,19.324,60.547,6.47,19.054,105,53,76,22,6,2,0.567,2,0.1,38,21,0,2,15,0
c2252483-1049-4965-b569-b02ad21fdfe3,6.517,4.317,10.833,3.769,2.292,4.08,3.959,42,26,47,1,0,2,0.367,1,0.017,0,28,0,0,19,0
eff7dbbd-c503-45b5-b9ea-d6591880a3d0,5.217,2.1,7.317,4.542,3.582,3.6,0.917,25,15,72,1,0,1,0.15,1,0.033,15,25,2,15,15,0
d0b29671-3f6d-4cc1-a6cc-86f0bd462d60,5.333,2.65,7.983,5.459,11.417,2.714,1.314,35,26,60,4,0,1,0.017,1,0.017,3,32,0,0,25,0
f2a8b708-4e17-481d-bfcb-5daf33316d37,4.3,3.217,7.517,3.27,1.287,3.409,1.642,34,25,58,2,0,1,0.033,1,0.017,0,32,0,1,25,0
3b55c9c3-ec80-48ac-86a3-a6a4c96ce432,6.983,4.5,11.483,2.73,1.266,2.25,0.924,37,28,62,0,0,2,0.183,1,0.033,0,34,0,0,28,0
c20f5c3d-8400-455b-9874-46d2d9696cf9,11.4,7.183,18.583,14.69,55.751,4.281,2.375,38,30,57,2,1,1,0.133,1,0.033,0,32,0,0,25,0
d105d04e-aeaf-4abf-a93a-d00e339da603,8.3,5.983,14.283,4.792,7.81,6.712,12.026,61,40,65,7,9,1,0.05,2,0.167,0,39,0,0,26,0
7f885519-d695-4204-ad6b-7f3ef14256c6,5.467,2.817,8.283,2.633,2.81,1.696,0.547,46,33,80,1,0,0,0.0,0,0.0,1,46,1,0,32,0
bf907f9b-6b95-4991-a195-395fc1bcff06,8.817,5.283,14.1,8.277,30.995,8.121,14.272,54,33,57,2,6,1,0.183,5,0.533,1,31,0,0,25,0
9505d0f2-8ad8-4cc5-b388-6eac696641d6,5.65,4.35,10.0,3.688,1.758,2.778,1.181,29,26,56,0,0,0,0.0,1,0.017,1,30,0,0,25,0
b6cc0f30-e378-44c8-afa5-8764d942d8d0,10.033,5.65,15.683,3.111,2.514,3.0,1.225,35,28,63,0,0,0,0.6,0,0.0,5,33,0,0,25,0
a8a4ac60-632f-4330-b804-47832eb4707d,12.017,4.283,16.3,4.0,0.0,4.0,0.0,41,26,73,0,0,0,0.483,0,0.0,7,41,0,0,25,0
6e90b335-2cd9-4337-ab1b-d66200c696a2,5.3,4.633,9.933,4.607,1.543,3.759,3.036,32,32,67,0,0,1,0.05,1,0.033,3,32,0,0,32,0
ffe938cf-2ed4-442b-aa15-680eb0d36942,6.883,5.783,12.667,3.385,1.883,2.526,0.819,31,25,57,0,0,1,0.083,1,0.017,1,31,0,0,25,0
fb5824e1-a5fb-4428-a62a-6d391dc11fdc,7.917,5.017,12.933,3.273,1.42,4.5,1.658,32,26,81,0,0,1,0.317,0,0.0,9,33,0,14,25,0
5a22bdf7-fc3c-44aa-ae8b-d0176bf98472,10.233,5.667,15.9,10.653,32.556,3.489,2.378,70,50,95,4,1,1,0.05,2,0.1,0,55,0,0,40,0
b5b3eafa-8987-418a-ab61-1724bec97902,15.15,11.1,26.25,24.03,72.18,5.042,2.051,39,29,61,2,0,1,0.067,1,0.017,1,35,0,0,25,0
c6b46831-4b2e-44b5-8123-04fded93b5c7,18.483,10.133,28.617,19.991,45.421,3.574,1.317,83,51,67,18,0,15,2.633,1,0.067,2,34,0,0,31,0
6a8e7e73-64e3-40ff-818b-74caabc73b67,129.033,895.183,1024.217,6.207,3.671,6.821,12.459,37,34,56,3,1,1,0.05,1,0.033,1,30,0,0,25,0
366226f1-7932-429c-9044-402d9b4f06f3,33.083,23.4,56.483,33.0,0.0,22.0,0.0,35,33,119,0,0,1,0.5,0,0.367,32,31,0,28,28,0
9c3b8942-91e3-4b3a-9638-cf4d566e9f8b,25.933,12.567,38.5,116.714,234.431,5.75,1.479,44,30,117,2,0,0,0.0,0,0.0,35,31,0,26,25,0
e5891876-51d7-4192-9cbf-9dbf1df3c84f,8.083,4.25,12.333,21.515,51.327,3.15,0.792,36,25,55,4,0,10,1.533,1,0.033,0,30,0,0,25,0
2156a1c5-0e40-40b2-b8e3-24e8ae561b71,13.567,9.033,22.6,14.828,28.613,6.154,2.088,31,28,56,2,0,3,1.533,1,0.05,1,30,0,0,25,0
89ed5d14-c0b1-4807-a0ac-b7f02738edd7,3.917,2.9,6.817,4.929,14.26,2.208,0.406,32,30,62,2,0,1,0.017,1,0.017,0,34,0,0,28,0
90ef3aff-e2dd-459e-a4b6-179144ec6660,42.1,14.933,57.033,89.119,230.336,12.545,22.057,101,53,60,24,4,3,0.75,5,0.733,7,31,2,0,20,0
bc2eaa84-cb72-4c19-8bed-97caffd1f461,8.817,4.583,13.4,22.538,66.94,1.941,0.416,34,36,70,1,0,1,0.133,0,0.0,1,35,0,0,34,0
80099cf6-848d-425d-8187-36fc9bae4b99,20.417,13.367,33.783,6.714,4.463,4.0,1.633,58,48,59,0,1,0,0.0,0,0.0,0,32,0,0,27,0
8fec189f-ba0f-4221-8b45-d076b68b467c,9.05,5.217,14.267,,,,,30,25,59,2,1,1,0.083,1,0.017,2,30,0,2,25,0
a3bcbf13-f5e9-4ccd-8fef-ddbe03ee2678,9.917,8.783,18.7,2.5,0.5,6.744,15.525,48,56,73,0,5,0,0.0,0,0.0,0,37,0,0,36,0
c24a2686-e364-4b56-adeb-11aaa5d45a3a,12.267,7.283,19.55,3.0,0.0,3.6,1.855,30,32,56,0,0,0,0.267,0,0.0,1,30,0,0,25,0
3d8df22d-0138-4fe8-91a1-5b97280f0638,24.05,17.967,42.017,22.389,69.89,4.92,3.797,83,87,73,6,2,1,0.1,1,0.067,1,36,0,0,34,2
baf72af8-699c-4c3f-8e1f-a3521dbfd108,25.567,15.117,40.683,22.548,81.275,4.474,1.743,47,43,61,3,0,1,0.133,1,0.033,4,31,1,0,25,0
aa203867-c719-4c0a-9949-d4e62af4add1,7.7,5.483,13.183,14.452,43.767,3.6,0.748,30,25,63,1,0,1,0.183,1,0.033,7,31,0,0,25,0
815c23de-2677-4c99-9637-5b577bc9e56e,26.717,25.017,51.733,26.893,108.065,29.474,81.761,76,83,59,7,8,2,0.767,8,2.267,0,31,1,2,25,0
f22d9886-6c1a-47ef-acb0-097d86e72dc8,13.85,1.633,15.483,7.688,3.745,6.0,1.414,38,6,36,0,0,1,0.1,1,0.05,0,31,0,0,5,0
adf487ff-fe01-4415-a0b6-e4b6a029e285,10.383,7.9,18.283,5.759,5.015,3.607,0.9,32,33,67,0,0,1,0.333,1,0.05,2,32,0,0,33,0
0b5c4edc-b1b2-4d3b-b683-197c5cefaa7a,19.767,12.733,32.5,4.667,1.886,2.857,0.639,56,52,64,0,0,0,1.433,0,0.0,1,35,0,0,28,0
1d229d3c-a3dc-49f1-9e65-b5d2010dc030,28.5,20.283,48.783,8.667,3.3,6.75,2.742,57,69,61,0,0,0,0.0,0,0.0,0,31,0,0,30,0
10c7e279-1584-44e4-bb62-cd2ba0a1902a,12.667,8.883,21.55,11.593,14.923,10.353,2.806,33,26,58,1,0,0,0.0,0,0.0,0,31,0,2,25,0
b469ad05-df69-4b4f-96b0-3a29a62d1ad1,6.017,4.783,10.8,2.771,1.758,2.88,0.909,33,26,60,1,0,1,0.067,1,0.0,0,33,1,1,25,0
5011a62d-93b2-4c0f-9bcd-2d887cd9845e,9.583,7.05,16.633,2.707,0.89,2.195,0.889,49,45,80,0,1,1,0.033,1,0.017,0,42,1,0,37,0
8042e8a6-4ab6-4456-b506-055a345cbf88,12.233,7.75,19.983,11.288,47.648,3.417,1.367,51,48,93,1,0,1,0.1,1,0.033,1,47,0,0,45,0
0d7948d0-9be8-4715-9376-0960a44fb066,6.5,4.15,10.65,3.45,1.023,3.92,1.412,41,33,68,0,0,0,0.0,0,0.0,0,35,0,0,33,0
d2a21c8f-ff43-4d7c-9324-9bc4c56c5071,6.25,3.333,9.583,2.667,0.83,2.269,0.592,30,26,55,0,0,1,0.033,1,0.0,0,30,0,0,25,0
23212487-a344-4197-82b5-abd9af61250e,15.833,12.35,28.183,9.478,18.869,6.424,7.024,44,35,116,1,0,1,0.083,1,0.133,26,43,0,13,34,0
115e2fc2-770b-46f7-99d1-66977b1d168b,20.567,6.1,26.667,2.509,1.11,2.328,1.665,54,57,71,0,4,1,0.033,1,0.017,0,34,0,0,37,0
07dcbbce-eba3-420e-b507-684bf3dcdc5a,8.167,4.883,13.05,3.6,1.2,3.286,1.03,43,32,74,0,0,0,0.0,0,0.0,2,42,0,0,30,0
be3bee08-4164-4663-a39e-5be22ea75f7a,7.2,0.983,8.183,3.71,1.197,3.2,0.4,32,5,35,0,0,1,0.05,1,0.017,0,30,0,0,5,0
b1488221-cde4-4236-811b-082ffc2948dc,12.117,0.067,12.183,10.522,28.834,4.0,0.0,61,1,38,7,0,6,0.733,1,0.033,1,36,0,0,1,0
6ddb66ac-1c12-4a80-b2ca-195f54b1898a,26.283,11.2,37.483,8.033,20.827,5.0,14.671,88,71,108,7,2,0,7.517,4,0.5,2,56,1,0,49,0
d415488e-7361-498c-a6c0-6cfea6161864,7.867,3.383,11.25,8.895,13.864,3.824,0.984,31,25,62,1,0,1,0.267,0,0.0,6,31,0,0,25,0
c142b88b-7b45-4684-b0d2-b2253684bf1c,7.233,4.067,11.3,13.429,46.764,2.607,0.859,41,33,60,2,0,0,0.0,0,0.0,0,32,0,0,28,0
e4d4c405-d8d7-428c-8e48-93b9dee9843e,19.817,8.667,28.483,29.696,115.133,6.556,13.849,43,35,56,2,1,1,0.067,1,0.05,1,30,0,0,25,0
80ca297e-0b16-413d-bc82-a5acf2535abd,20.5,4.433,24.933,63.536,214.397,3.0,1.595,33,27,77,1,0,1,0.017,1,0.067,16,33,1,2,25,0
64732fc3-be1a-4999-a392-4d3ddfe96d22,8.25,4.383,12.633,2.4,1.02,1.875,0.331,29,25,57,0,0,0,0.0,0,0.0,2,30,0,0,25,0
0b138505-a994-45cb-acd5-759bf801cb4c,16.0,9.433,25.433,6.4,2.245,4.0,0.816,32,25,83,0,0,0,0.117,0,0.0,26,31,0,1,25,0
e5831835-a71d-46a7-b12f-90af137ac12e,10.383,6.25,16.633,11.457,36.486,4.25,0.595,36,29,57,1,0,1,0.067,1,0.05,0,31,0,0,26,0
d02ddeb5-1b24-4a00-b085-ea9a06bfec40,97.633,25.75,123.383,13.6,10.48,73.0,153.247,117,60,216,5,0,32,8.6,0,0.0,100,35,0,69,11,1
c5281306-a2bf-48a6-8919-6cf39a307dec,14.483,8.433,22.917,27.63,92.658,6.542,1.154,30,27,59,1,1,2,1.483,1,0.067,3,30,0,0,26,0
20732fa8-a880-4cc1-bd4a-f52b14f35f38,9.133,4.433,13.567,10.194,18.023,3.875,2.666,30,30,62,2,1,2,0.9,1,0.017,2,30,0,0,30,0
9a5b8f10-b36d-40d3-9e30-fcee66fc966d,13.033,13.167,26.2,13.854,39.433,12.621,22.261,35,46,66,3,6,1,0.1,1,0.033,0,31,0,0,34,1
347fd0eb-94fe-4adb-8bf3-eb5069233fef,11.817,7.467,19.283,4.0,1.0,4.0,0.816,32,33,62,0,0,0,0.183,0,0.0,4,31,2,0,25,0
7331c377-a48f-4dae-8e93-b916d17b7f79,10.1,3.85,13.95,16.469,70.517,3.071,1.412,32,28,63,1,0,1,0.017,1,0.017,2,33,0,0,28,0
17d0240d-8071-4a5f-88b6-3a45f7911c8d,10.35,4.017,14.367,10.76,30.139,2.207,1.126,47,30,75,3,0,6,1.567,1,0.017,11,32,0,3,29,0
6b7719c7-74ca-4a0f-bda1-2141c0075a81,9.8,6.217,16.017,4.471,10.158,2.043,1.083,58,50,103,1,0,0,0.0,0,0.0,0,53,0,0,50,0
9777fed5-274b-47e1-a777-34dc485fc70e,10.7,7.233,17.933,8.719,5.287,9.37,11.795,38,30,106,0,1,2,0.267,1,0.1,25,30,0,26,25,0
fe3d02cd-3066-43f5-9a80-5b8766e81a9d,13.617,11.883,25.5,6.056,11.745,4.0,2.53,42,43,57,3,0,0,0.0,0,0.0,2,30,0,0,25,0
29687d07-fff2-4ccf-82ad-327f9bb8ecda,4.133,2.65,6.783,1.333,0.699,1.0,0.0,30,25,56,0,0,1,0.017,1,0.0,1,30,0,0,25,0
ea988d2f-2768-478c-b2cc-9dad91d31705,7.65,3.4,11.05,5.513,7.841,3.917,1.913,44,27,63,2,1,4,0.483,1,0.017,5,30,0,2,26,0
8d56ee6b-c79f-41e8-9050-d93e50b122db,10.0,3.583,13.583,10.81,21.282,4.565,1.21,32,29,63,0,0,2,0.467,1,0.05,1,31,5,0,25,1
b1484bd0-1ea5-42bc-ab87-6d32a6a05154,9.683,4.2,13.883,10.931,20.062,4.35,1.526,31,25,61,2,0,3,0.617,1,0.017,6,30,0,0,25,0
4388018c-d679-4187-8367-b90acadb6eac,7.667,4.6,12.267,2.333,0.713,2.818,1.113,42,31,64,0,0,0,0.0,0,0.0,4,34,0,1,25,0
4003e409-0690-4829-be3b-805bbe0a4240,30.067,10.667,40.733,65.07,239.022,5.378,2.071,75,42,67,9,0,2,1.75,1,0.067,6,30,0,0,31,0
564e4839-135b-495e-b9b4-1653cac23546,9.9,6.283,16.183,13.63,36.931,4.905,0.921,31,26,56,1,0,3,0.833,1,0.033,1,30,0,0,25,0
848cfcf0-d02b-4265-ba36-03967cd96f1b,14.833,13.617,28.45,8.909,4.601,6.667,2.92,37,38,70,1,0,1,0.133,1,0.05,4,30,0,0,36,0
9538b630-771e-4270-b52f-91d778a7462b,8.65,5.583,14.233,10.364,30.562,2.865,0.991,56,38,64,5,0,1,0.117,2,0.133,5,32,0,0,27,0
a68d81cc-0f05-40e8-9ba6-93fe4e1903fd,24.55,7.167,31.717,29.595,146.468,4.0,2.053,43,39,79,3,1,2,0.433,1,0.033,18,30,1,2,28,0
25795e26-7981-4525-990a-5b82355e4c74,21.45,241.817,263.267,19.17,35.961,586.469,2762.06,61,52,60,5,2,9,2.567,2,0.517,2,30,0,0,28,0
42043b40-aa3b-4210-b287-c81c058aec13,9.467,11.833,21.3,17.795,55.013,8.688,14.747,40,46,60,3,2,1,0.067,1,0.067,4,31,0,0,25,0
53feb209-9cf0-4d09-8b68-786edada6828,7.8,7.667,15.467,3.192,1.545,3.476,0.957,32,25,56,0,0,2,0.65,1,0.017,1,30,0,0,25,0
1199b622-ff6e-45aa-8aa6-48c834fb7785,10.3,9.7,20.0,8.448,4.507,10.65,9.712,33,25,101,1,1,3,1.033,1,0.033,33,30,0,13,25,0
6bbd248e-e419-4f99-acd4-04a9cb62da90,12.767,6.3,19.067,9.387,5.014,6.273,2.24,37,27,81,0,0,3,1.083,1,0.033,19,30,1,6,25,0
9fa836a5-84fd-4249-8e30-bf6da350f93d,21.633,9.367,31.0,47.607,117.929,9.459,19.118,65,38,60,16,3,13,3.883,1,0.1,9,30,0,0,21,0
9cda887b-67c6-40bd-8251-90568a87cdfb,4.233,3.95,8.183,3.333,1.65,3.737,1.712,30,25,55,0,0,1,0.067,1,0.017,0,30,0,0,25,0
3e877edb-2414-40ce-ae3b-cc9f772a0a4f,12.033,8.7,20.733,6.2,10.569,5.2,2.293,46,27,55,3,0,1,0.35,1,0.05,0,30,0,0,25,0
525dce49-9978-4df3-86f7-98d6a44376bd,10.367,4.667,15.033,,,,,33,29,68,0,0,0,0.117,0,0.0,5,32,2,1,28,0
170573cc-4636-4d12-8d2e-a79efb94cf22,12.933,11.05,23.983,12.038,11.863,9.87,4.173,30,26,60,1,0,1,0.05,1,0.083,4,30,0,1,25,0
c2a547a5-0de5-4c6a-a538-afc23f4a88e8,17.9,4.833,22.733,25.838,62.785,5.045,1.692,61,26,57,10,0,31,7.567,1,0.05,2,30,0,0,25,0
8634d24a-4824-418c-8d68-f9b179017df6,13.55,4.983,18.533,9.61,10.143,3.458,0.999,41,28,76,1,0,1,0.117,1,0.017,5,41,2,0,28,0
a63a4055-fbb8-4060-9735-36aca9f5dc47,4.617,3.55,8.167,5.56,16.045,2.652,1.735,29,28,57,1,0,1,0.05,1,0.017,1,29,0,0,27,0
34d2d033-7ad9-4633-866d-b9161b7f169b,10.017,5.6,15.617,6.2,1.4,4.462,1.5,31,27,57,0,0,1,0.05,0,0.0,0,31,0,0,26,0
5c8c2df5-e776-469d-a861-c39936fae518,9.083,5.1,14.183,7.579,13.48,3.538,0.929,41,31,76,1,0,1,0.033,0,0.0,1,42,1,1,31,0
2adb7fbd-7c21-4f4e-bccb-0b39b6bb37d6,8.417,5.55,13.967,7.733,23.211,3.862,2.063,46,32,64,2,1,2,0.317,3,0.317,2,31,0,0,31,0
c99b2fea-7dba-4606-8542-2e5d89b801e2,11.633,5.017,16.65,30.733,88.247,3.696,1.572,31,26,62,1,0,2,0.783,1,0.033,6,30,0,0,26,0
150d0c92-60ee-43c8-acdd-f8e2dd3ee26e,5.333,6.2,11.533,9.0,25.495,5.842,3.87,29,24,56,2,0,2,0.417,1,0.017,2,30,0,0,24,0
08e01b3d-f47f-4df7-bb7b-df2a00859bd4,8.15,5.867,14.017,6.333,2.409,8.286,2.433,30,26,62,0,0,1,0.167,1,0.083,3,30,0,3,26,0
d663a2b9-e93e-4388-ad78-a6470cd5abd2,8.3,4.05,12.35,3.0,0.853,3.667,1.027,32,25,55,0,0,0,0.0,0,0.0,0,30,0,0,25,0
0767e127-0486-4af2-aa70-d0850d119af1,12.667,5.367,18.033,10.7,5.49,7.062,5.154,31,18,48,1,0,1,0.133,1,0.017,1,30,0,0,17,0
06579fb9-c780-4b6a-a9aa-43de599b9c0d,8.7,4.917,13.617,6.091,11.751,4.654,1.839,47,29,68,1,0,1,0.217,1,0.05,6,33,0,1,28,0
832f5135-e062-4cbd-a76a-d2e13806f86c,5.917,4.167,10.083,4.629,7.676,3.4,1.02,34,25,56,4,0,1,0.15,1,0.017,0,30,0,1,25,0
f35fa973-2ed5-40a4-b907-cf51095ec7fd,12.033,8.617,20.65,7.538,6.963,10.9,13.42,30,25,57,0,0,1,0.067,1,0.05,1,30,1,0,25,0
694475ef-d26a-4449-8c40-945987952d5b,14.467,6.033,20.5,6.079,4.732,3.261,1.031,41,27,65,0,0,2,0.733,1,0.017,6,31,0,3,25,0
1b799e4b-7b69-4c7b-abd9-aa4b2619fa7e,2.95,2.433,5.383,2.667,1.491,2.75,0.829,30,25,56,0,0,1,0.083,1,0.017,1,30,0,0,25,0
26f158bf-5620-4d98-bc85-013cc4398077,12.383,5.85,18.233,15.423,46.969,3.379,1.424,51,34,79,2,0,1,0.283,2,0.15,15,35,2,0,27,0
d629ada7-d244-413b-b35f-11425f7b7b65,18.6,4.117,22.717,27.78,98.173,2.75,2.861,54,25,59,4,0,1,0.083,1,0.217,4,30,0,0,25,0
c26b610f-23dd-446e-8853-b28f5f2043fc,9.683,7.1,16.783,5.0,0.0,3.0,0.0,30,26,55,0,1,0,0.0,0,0.0,0,30,0,0,25,0
bacb1b32-58bd-4bb7-99c1-e43ffa068c29,12.183,6.133,18.317,8.586,5.082,5.8,2.245,34,25,61,0,1,2,0.617,1,0.033,2,32,2,0,25,0
db5cda44-960c-4699-ab03-6e21b666ac8e,18.383,8.017,26.4,94.583,196.613,6.167,0.687,66,33,138,1,0,4,0.9,0,0.0,60,31,0,20,27,0
801d9cc9-4478-4b37-bd5f-61ad2d7deb5d,9.167,5.033,14.2,27.857,63.035,5.591,1.37,29,27,83,1,0,1,0.133,1,0.05,23,30,0,3,27,0
ed95a8ef-7044-4514-b26e-0826281906e6,11.0,7.183,18.183,9.029,21.23,5.5,4.279,34,32,62,3,5,1,0.083,1,0.033,5,30,0,0,27,0
04ae528a-45db-452b-b306-3f1c86a957a3,12.283,8.15,20.433,9.808,9.981,4.375,1.628,31,28,58,0,0,2,0.967,1,0.033,0,30,1,0,27,0
bac468b9-c7f3-4e05-8c41-a6a6c1648b71,10.467,6.767,17.233,8.44,4.742,5.545,2.33,31,25,58,1,0,2,0.483,1,0.033,3,30,0,0,25,0
8095415c-c72e-4917-9b95-6d15db80861d,15.833,13.4,29.233,,,,,33,27,69,0,0,0,0.117,0,0.0,14,30,0,0,25,0
4bac5394-25ed-4f19-ba30-65e115bb97c3,9.267,6.15,15.417,12.897,34.0,4.765,5.594,32,37,69,2,1,1,0.283,1,0.033,6,31,0,3,29,0
02c1080c-32e4-4a0b-b3c0-742796cd14fc,8.517,22.983,31.5,4.4,3.8,1.604,0.86,42,48,89,2,0,1,0.133,1,0.017,5,36,1,0,47,0
58cc290c-f715-43e1-b560-80f00fc03e17,7.1,4.05,11.15,7.865,18.333,2.696,0.953,39,27,58,2,0,5,1.033,1,0.017,0,30,1,1,26,0
657f450f-3aa5-4e2f-a7a5-1342311e7c7c,8.067,3.933,12.0,8.306,22.632,2.875,1.452,39,28,63,1,0,2,0.317,1,0.017,7,30,0,0,26,0
3a0b8617-5925-478a-acb3-86d0e8dd39bb,12.717,5.45,18.167,12.633,32.013,3.586,0.67,47,32,66,3,1,6,1.267,1,0.033,2,31,6,0,27,0
27d95abe-e66b-4744-a663-4f4d3e7df5ca,9.467,4.467,13.933,6.68,2.149,4.476,1.367,30,26,57,0,0,1,0.083,1,0.033,1,30,0,0,26,0
a7254c29-d415-47b4-ba10-8620aee83976,17.267,5.367,22.633,6.6,3.463,5.25,1.942,43,27,81,0,0,2,0.367,1,0.033,10,35,2,9,25,0
858c7213-c0ca-4b67-8def-338f07e21880,17.133,9.067,26.2,13.0,6.557,7.714,1.485,32,25,63,0,0,0,0.0,0,0.0,6,30,0,2,25,0
d0e0d1f7-5683-47e2-9784-324d0e9a16d5,13.8,5.167,18.967,40.127,98.669,3.741,1.322,52,32,61,6,0,4,1.283,1,0.05,4,30,1,0,26,0
4fe1c78d-5edd-4de4-81a3-265bff66ac80,11.617,7.15,18.767,12.121,18.409,7.462,10.846,36,29,55,1,1,3,0.367,1,0.083,0,30,0,0,25,0
9f397fe2-2742-4c0f-8a7c-099e0392f3de,5.65,3.95,9.6,5.56,2.211,4.8,1.47,31,25,56,0,0,1,0.067,1,0.017,1,30,0,0,25,0
84a5d20d-1f42-41ce-8cef-d8b5be295648,12.633,3.533,16.167,16.27,55.869,2.85,0.792,41,25,64,1,0,4,1.067,1,0.017,9,30,0,0,25,0
f0f4baeb-66e7-44de-a40f-451f6caf1cb0,7.217,14.283,21.5,11.062,24.091,6.478,8.958,29,23,54,2,0,1,0.067,1,0.717,1,30,0,0,23,0
aafd282e-57cf-4c3b-9266-70d868fe8efb,17.4,8.183,25.583,36.645,108.654,4.818,1.992,35,25,70,1,1,2,1.417,1,0.033,13,30,2,0,25,0
b3d04c7c-4624-4e00-8680-16d08a3516b5,12.117,6.383,18.5,7.786,5.045,4.238,1.925,33,26,59,1,0,1,0.1,1,0.033,4,30,0,0,25,0
5abe451b-caa2-453e-b028-05542cd12ff1,10.317,5.3,15.617,4.5,0.866,3.917,1.187,44,32,67,0,0,0,0.0,0,0.0,0,39,0,0,28,0
10fc3726-81ed-4ae5-b67c-34a6e22f764d,9.583,6.183,15.767,,,3.333,1.7,32,26,61,0,0,0,0.083,0,0.0,6,30,0,0,25,0
3ed27caf-967f-4e71-9245-9b102e7079d9,13.2,7.633,20.833,20.9,55.224,8.278,10.175,39,34,65,3,1,1,0.15,1,0.083,3,35,0,0,27,0
ac0cef50-713f-4364-a971-e2cfcf367bec,20.4,2.45,22.85,17.457,97.432,2.174,0.564,47,25,57,2,0,6,0.633,1,0.0,0,32,0,0,25,0
5a9b310a-0aec-4f93-ad7e-0497eb58722f,11.167,6.267,17.433,18.732,33.422,5.538,6.302,36,28,69,4,1,3,0.55,1,0.033,4,35,3,0,26,1
d241da37-939f-405c-982e-f709454639a2,49.833,13.383,63.217,47.222,144.054,6.35,3.798,117,47,71,11,0,1,0.183,8,2.317,13,32,0,0,26,0
fbaf46e5-3611-40f8-b700-2d797d163ac0,21.233,5.45,26.683,27.169,64.358,3.167,0.624,87,29,88,20,0,32,7.283,1,0.033,30,30,0,1,27,0
809c2250-2eb0-4d2d-8b16-a2216b0c025c,6.567,2.85,9.417,5.235,6.422,2.154,0.361,37,25,63,0,0,1,0.083,0,0.0,1,37,0,0,25,0
c5a47baf-6bc3-44e5-b753-c08fe4be4518,14.817,11.117,25.933,5.0,0.0,4.5,2.63,32,32,58,0,0,0,0.0,0,0.0,3,30,0,0,25,0
f3a1f1f7-9865-435d-bc1e-57a257a07bc1,9.883,5.667,15.55,7.889,6.562,6.048,5.205,33,26,61,0,0,2,0.717,1,0.367,4,30,1,1,25,0
cb1f80aa-1b8b-4bf5-a669-8ab8dbcb6cf2,8.067,3.4,11.467,5.038,2.609,2.944,0.78,31,23,56,0,0,2,0.517,1,0.017,1,30,2,0,23,0
e4a15b39-ef51-4ed3-818d-380e573d8300,17.433,4.0,21.433,6.707,11.068,2.741,1.35,43,31,97,1,0,2,0.367,1,0.017,25,36,6,5,25,0
5fe341f1-0398-4f03-b57b-4ce660725c67,15.65,8.267,23.917,17.104,49.51,4.385,2.294,59,42,71,6,1,7,2.2,4,0.233,10,32,1,1,27,0
240e5604-5fe3-44f3-aaad-52eb930f5aa4,11.933,7.217,19.15,19.5,64.0,4.375,2.643,30,30,60,1,0,1,0.167,1,0.1,1,30,0,0,29,0
553df662-799a-4a8c-8e25-d8d7cec94436,7.917,6.033,13.95,9.794,16.444,4.64,1.439,35,32,65,2,0,1,0.083,1,0.05,8,30,0,2,25,0
cac43a8b-6f37-4ca8-8e93-f2743a07cd12,9.767,7.55,17.317,4.889,2.558,4.312,1.722,45,42,99,0,0,0,0.0,0,0.017,23,32,0,13,31,0
408f1ef4-ac35-4432-b3e5-769d73fb751a,8.6,4.533,13.133,7.406,12.262,3.423,0.968,36,29,60,2,0,2,0.467,1,0.033,3,30,0,1,26,0
785f7b38-ec1e-49ae-b441-416d2597e8e3,13.017,6.067,19.083,4.543,2.801,4.867,1.784,68,33,76,0,0,0,0.05,0,0.0,10,37,0,1,28,0
686147b6-ec2a-4bda-a1e5-282b99f4099c,13.2,10.133,23.333,14.772,42.487,8.103,19.693,60,67,60,14,8,2,0.617,2,0.117,3,30,0,0,27,0
568d87a1-e725-47d8-8f86-e54b02dd046e,5.483,3.233,8.717,3.833,1.067,3.5,0.5,32,27,57,0,0,0,0.15,0,0.0,1,30,1,0,25,0
d2dbd5ee-4b91-4a66-a27d-09d7f9048537,10.2,8.017,18.217,5.514,17.147,8.246,31.722,72,57,86,5,1,2,0.217,1,0.067,3,30,0,21,32,0
d4e0be15-e0eb-4343-b37b-b2ace7a1582f,13.183,6.0,19.183,14.936,30.126,6.37,2.541,47,32,76,3,0,1,0.083,1,0.067,14,36,1,0,25,0
1bbba111-1700-4d10-b137-422c09ba895b,10.467,6.3,16.767,7.412,13.498,3.185,5.677,36,30,59,3,1,2,0.2,1,0.017,2,31,1,0,25,0
58d5e5ae-8a4d-4b7c-b4a5-9241a1b92cdb,6.017,2.2,8.217,2.818,3.03,2.417,1.935,31,26,56,2,1,2,0.25,1,0.083,1,30,0,0,25,0
a781f51c-9145-4e9e-89f4-2e16e7c39fc7,8.783,5.9,14.683,2.926,1.514,2.846,1.321,33,31,67,0,0,1,0.1,1,0.017,4,30,0,3,30,0
ad4ce15b-2a66-41c3-9f37-6df8c74be2e3,25.467,9.283,34.75,24.602,81.376,8.048,4.353,84,43,146,8,1,1,0.367,4,0.6,44,39,0,33,28,2
96a84c2a-b9ba-4ff9-9a55-f74752e7a0e9,10.233,6.717,16.95,3.848,1.318,3.6,1.694,52,38,55,0,1,2,0.233,1,0.083,0,30,0,0,25,0
4985cfe8-fe28-41c4-a6d3-4d8fa0cffad7,10.267,6.5,16.767,14.528,31.078,7.333,20.742,37,25,59,2,0,3,0.933,1,0.017,2,31,1,0,25,0
